{
    "VNFoll": [
        1.926,
        [
            1.926,
            1.926,
            1.926,
            1.926
        ]
    ],
    "IPFoll": [
        1.984,
        [
            1.984,
            1.984,
            1.984,
            1.984
        ]
    ],
    "IBLRes": [
        2.07375,
        [
            2.048,
            2.102,
            2.043,
            2.102,
            2.043,
            2.102,
            2.048,
            2.102
        ]
    ],
    "VN": [
        2.0907500000000003,
        [
            2.092,
            2.087,
            2.092,
            2.092
        ]
    ],
    "VN_2": [
        1.696,
        [
            1.696,
            1.696,
            1.696,
            1.696
        ]
    ],
    "IPLoad": [
        1.499,
        [
            1.5,
            1.496,
            1.5,
            1.5
        ]
    ],
    "INFB": [
        1.6520000000000001,
        [
            1.647,
            1.657,
            1.652,
            1.652
        ]
    ],
    "IPBigFine": [
        1.676,
        [
            1.676,
            1.676,
            1.676,
            1.676
        ]
    ],
    "VNCompFine": [
        2.1637500000000003,
        [
            2.165,
            2.16,
            2.165,
            2.165
        ]
    ],
    "VNComp": [
        2.22275,
        [
            2.224,
            2.219,
            2.224,
            2.224
        ]
    ],
    "IPBiasRec": [
        2.268,
        [
            2.268,
            2.268,
            2.268,
            2.268
        ]
    ],
    "VNBiasRec": [
        1.916,
        [
            1.916,
            1.916,
            1.916,
            1.916
        ]
    ],
    "vnlvds": [
        1.72,
        [
            1.72,
            1.72,
            1.72,
            1.72
        ]
    ],
    "vnlvdsdel": [
        1.86325,
        [
            1.862,
            1.862,
            1.867,
            1.862
        ]
    ],
    "vppump": [
        1.87825,
        [
            1.877,
            1.877,
            1.882,
            1.877
        ]
    ],
    "vpvco": [
        0,
        []
    ],
    "vnvco": [
        0,
        []
    ],
    "vpdcl": [
        0,
        []
    ],
    "vndcl": [
        0,
        []
    ],
    "qon": [
        0,
        []
    ],
    "timestamp": "2025-04-28 18:33:41"
}